SaleNumber,ReceiptNumber,TransactionDate,AmountTransaksi,AmountService,Tax,OtherIncome,SaleDate,OutletCode,OutletName,ShopID
03392019/140001,03392019/140001,09/14/2019 10:17:08,69000,5175.0000,7418.000000,0.0000,2019-09-14,033,[PLB]ST PALEMBANG,8
03392019/140002,03392019/140002,09/14/2019 10:51:09,207000,15525.0000,22253.000000,0.0000,2019-09-14,033,[PLB]ST PALEMBANG,8
03392019/140003,03392019/140003,09/14/2019 10:52:47,54000,4050.0000,5805.000000,0.0000,2019-09-14,033,[PLB]ST PALEMBANG,8
03392019/140004,03392019/140004,09/14/2019 11:55:27,233000,17475.0000,25048.000000,0.0000,2019-09-14,033,[PLB]ST PALEMBANG,8
03392019/140005,03392019/140005,09/14/2019 12:05:23,331000,24825.0000,35583.000000,0.0000,2019-09-14,033,[PLB]ST PALEMBANG,8
03392019/140006,03392019/140006,09/14/2019 12:16:08,23000,1725.0000,2473.000000,0.0000,2019-09-14,033,[PLB]ST PALEMBANG,8
03392019/140007,03392019/140007,09/14/2019 12:39:05,943000,70725.0000,101373.000000,0.0000,2019-09-14,033,[PLB]ST PALEMBANG,8
03392019/140008,03392019/140008,09/14/2019 12:58:30,603000,45225.0000,64823.000000,0.0000,2019-09-14,033,[PLB]ST PALEMBANG,8
03392019/140009,03392019/140009,09/14/2019 13:04:12,513000,38475.0000,55148.000000,0.0000,2019-09-14,033,[PLB]ST PALEMBANG,8
03392019/140010,03392019/140010,09/14/2019 13:06:23,314000,23550.0000,33755.000000,0.0000,2019-09-14,033,[PLB]ST PALEMBANG,8
03392019/140011,03392019/140011,09/14/2019 13:10:16,234000,17550.0000,25155.000000,0.0000,2019-09-14,033,[PLB]ST PALEMBANG,8
03392019/140012,03392019/140012,09/14/2019 13:13:32,167000,12525.0000,17953.000000,0.0000,2019-09-14,033,[PLB]ST PALEMBANG,8
03392019/140013,03392019/140013,09/14/2019 13:15:14,824000,61800.0000,88580.000000,0.0000,2019-09-14,033,[PLB]ST PALEMBANG,8
03392019/140014,03392019/140014,09/14/2019 13:17:05,68000,5100.0000,7310.000000,0.0000,2019-09-14,033,[PLB]ST PALEMBANG,8
03392019/140015,03392019/140015,09/14/2019 13:17:55,253000,18975.0000,27198.000000,0.0000,2019-09-14,033,[PLB]ST PALEMBANG,8
03392019/140016,03392019/140016,09/14/2019 13:19:36,318000,23850.0000,34185.000000,0.0000,2019-09-14,033,[PLB]ST PALEMBANG,8
03392019/140017,03392019/140017,09/14/2019 13:25:14,343000,25725.0000,36873.000000,0.0000,2019-09-14,033,[PLB]ST PALEMBANG,8
03392019/140018,03392019/140018,09/14/2019 13:29:13,226000,16950.0000,24295.000000,0.0000,2019-09-14,033,[PLB]ST PALEMBANG,8
03392019/140019,03392019/140019,09/14/2019 13:35:33,358000,26850.0000,38485.000000,0.0000,2019-09-14,033,[PLB]ST PALEMBANG,8
03392019/140020,03392019/140020,09/14/2019 13:38:21,572000,42900.0000,61490.000000,0.0000,2019-09-14,033,[PLB]ST PALEMBANG,8
03392019/140021,03392019/140021,09/14/2019 13:41:03,241000,18075.0000,25908.000000,0.0000,2019-09-14,033,[PLB]ST PALEMBANG,8
03392019/140022,03392019/140022,09/14/2019 13:42:03,369000,27675.0000,39668.000000,0.0000,2019-09-14,033,[PLB]ST PALEMBANG,8
03392019/140023,03392019/140023,09/14/2019 13:50:23,134000,10050.0000,14405.000000,0.0000,2019-09-14,033,[PLB]ST PALEMBANG,8
03392019/140024,03392019/140024,09/14/2019 13:51:39,539000,40425.0000,57943.000000,0.0000,2019-09-14,033,[PLB]ST PALEMBANG,8
03392019/140025,03392019/140025,09/14/2019 13:53:07,364000,27300.0000,39130.000000,0.0000,2019-09-14,033,[PLB]ST PALEMBANG,8
03392019/140026,03392019/140026,09/14/2019 13:57:31,224000,16800.0000,24080.000000,0.0000,2019-09-14,033,[PLB]ST PALEMBANG,8
03392019/140027,03392019/140027,09/14/2019 14:03:43,435000,32625.0000,46763.000000,0.0000,2019-09-14,033,[PLB]ST PALEMBANG,8
03392019/140028,03392019/140028,09/14/2019 14:07:26,297000,22275.0000,31928.000000,0.0000,2019-09-14,033,[PLB]ST PALEMBANG,8
03392019/140029,03392019/140029,09/14/2019 14:10:16,393000,29475.0000,42248.000000,0.0000,2019-09-14,033,[PLB]ST PALEMBANG,8
03392019/140030,03392019/140030,09/14/2019 14:13:14,130000,9750.0000,13975.000000,0.0000,2019-09-14,033,[PLB]ST PALEMBANG,8
03392019/140031,03392019/140031,09/14/2019 14:14:11,651000,48825.0000,69983.000000,0.0000,2019-09-14,033,[PLB]ST PALEMBANG,8
03392019/140032,03392019/140032,09/14/2019 14:17:11,572000,42900.0000,61490.000000,0.0000,2019-09-14,033,[PLB]ST PALEMBANG,8
03392019/140033,03392019/140033,09/14/2019 14:26:18,527000,39525.0000,56653.000000,0.0000,2019-09-14,033,[PLB]ST PALEMBANG,8
03392019/140034,03392019/140034,09/14/2019 14:30:28,913000,68475.0000,98148.000000,0.0000,2019-09-14,033,[PLB]ST PALEMBANG,8
03392019/140035,03392019/140035,09/14/2019 14:35:41,91000,6825.0000,9783.000000,0.0000,2019-09-14,033,[PLB]ST PALEMBANG,8
03392019/140036,03392019/140036,09/14/2019 14:41:29,15000,1125.0000,1613.000000,0.0000,2019-09-14,033,[PLB]ST PALEMBANG,8
03392019/140037,03392019/140037,09/14/2019 14:48:44,329000,24675.0000,35368.000000,0.0000,2019-09-14,033,[PLB]ST PALEMBANG,8
03392019/140038,03392019/140038,09/14/2019 14:53:02,227000,17025.0000,24403.000000,0.0000,2019-09-14,033,[PLB]ST PALEMBANG,8
03392019/140039,03392019/140039,09/14/2019 14:55:52,326000,24450.0000,35045.000000,0.0000,2019-09-14,033,[PLB]ST PALEMBANG,8
03392019/140040,03392019/140040,09/14/2019 15:03:12,281000,21075.0000,30208.000000,0.0000,2019-09-14,033,[PLB]ST PALEMBANG,8
03392019/140041,03392019/140041,09/14/2019 15:18:01,269000,20175.0000,28918.000000,0.0000,2019-09-14,033,[PLB]ST PALEMBANG,8
03392019/140042,03392019/140042,09/14/2019 15:24:38,236000,17700.0000,25370.000000,0.0000,2019-09-14,033,[PLB]ST PALEMBANG,8
03392019/140043,03392019/140043,09/14/2019 15:27:57,47000,3525.0000,5053.000000,0.0000,2019-09-14,033,[PLB]ST PALEMBANG,8
03392019/140044,03392019/140044,09/14/2019 15:29:37,378000,28350.0000,40635.000000,0.0000,2019-09-14,033,[PLB]ST PALEMBANG,8
03392019/140045,03392019/140045,09/14/2019 15:37:22,354000,26550.0000,38055.000000,0.0000,2019-09-14,033,[PLB]ST PALEMBANG,8
03392019/140046,03392019/140046,09/14/2019 15:38:00,102000,7650.0000,10965.000000,0.0000,2019-09-14,033,[PLB]ST PALEMBANG,8
03392019/140047,03392019/140047,09/14/2019 15:48:57,197000,14775.0000,21178.000000,0.0000,2019-09-14,033,[PLB]ST PALEMBANG,8
03392019/140048,03392019/140048,09/14/2019 16:04:45,138000,10350.0000,14835.000000,0.0000,2019-09-14,033,[PLB]ST PALEMBANG,8
03392019/140049,03392019/140049,09/14/2019 16:05:36,364000,27300.0000,39130.000000,0.0000,2019-09-14,033,[PLB]ST PALEMBANG,8
03392019/140050,03392019/140050,09/14/2019 16:23:44,141000,10575.0000,15158.000000,0.0000,2019-09-14,033,[PLB]ST PALEMBANG,8
03392019/140051,03392019/140051,09/14/2019 16:33:02,276000,20700.0000,29670.000000,0.0000,2019-09-14,033,[PLB]ST PALEMBANG,8
03392019/140052,03392019/140052,09/14/2019 16:33:41,58000,4350.0000,6235.000000,0.0000,2019-09-14,033,[PLB]ST PALEMBANG,8
03392019/140053,03392019/140053,09/14/2019 16:37:22,412000,30900.0000,44290.000000,0.0000,2019-09-14,033,[PLB]ST PALEMBANG,8
03392019/140054,03392019/140054,09/14/2019 16:49:38,61000,4575.0000,6558.000000,0.0000,2019-09-14,033,[PLB]ST PALEMBANG,8
03392019/140055,03392019/140055,09/14/2019 16:50:48,119000,8925.0000,12793.000000,0.0000,2019-09-14,033,[PLB]ST PALEMBANG,8
03392019/140056,03392019/140056,09/14/2019 16:51:32,137000,10275.0000,14728.000000,0.0000,2019-09-14,033,[PLB]ST PALEMBANG,8
03392019/140057,03392019/140057,09/14/2019 16:55:12,491000,36825.0000,52783.000000,0.0000,2019-09-14,033,[PLB]ST PALEMBANG,8
03392019/140058,03392019/140058,09/14/2019 17:05:47,366000,27450.0000,39345.000000,0.0000,2019-09-14,033,[PLB]ST PALEMBANG,8
03392019/140059,03392019/140059,09/14/2019 17:06:38,288000,21600.0000,30960.000000,0.0000,2019-09-14,033,[PLB]ST PALEMBANG,8
03392019/140060,03392019/140060,09/14/2019 17:07:26,376000,28200.0000,40420.000000,0.0000,2019-09-14,033,[PLB]ST PALEMBANG,8
03392019/140061,03392019/140061,09/14/2019 17:16:28,107000,8025.0000,11503.000000,0.0000,2019-09-14,033,[PLB]ST PALEMBANG,8
03392019/140062,03392019/140062,09/14/2019 17:26:32,347000,26025.0000,37303.000000,0.0000,2019-09-14,033,[PLB]ST PALEMBANG,8
03392019/140063,03392019/140063,09/14/2019 17:27:41,498000,37350.0000,53535.000000,0.0000,2019-09-14,033,[PLB]ST PALEMBANG,8
03392019/140064,03392019/140064,09/14/2019 17:29:42,502000,37650.0000,53965.000000,0.0000,2019-09-14,033,[PLB]ST PALEMBANG,8
03392019/140065,03392019/140065,09/14/2019 17:32:08,494000,37050.0000,53105.000000,0.0000,2019-09-14,033,[PLB]ST PALEMBANG,8
03392019/140066,03392019/140066,09/14/2019 17:33:24,380000,28500.0000,40850.000000,0.0000,2019-09-14,033,[PLB]ST PALEMBANG,8
03392019/140067,03392019/140067,09/14/2019 17:48:23,1825000,136875.0000,196188.000000,0.0000,2019-09-14,033,[PLB]ST PALEMBANG,8
03392019/140068,03392019/140068,09/14/2019 17:50:29,389000,29175.0000,41818.000000,0.0000,2019-09-14,033,[PLB]ST PALEMBANG,8
03392019/140069,03392019/140069,09/14/2019 17:54:38,618000,46350.0000,66435.000000,0.0000,2019-09-14,033,[PLB]ST PALEMBANG,8
03392019/140070,03392019/140070,09/14/2019 17:56:03,206000,15450.0000,22145.000000,0.0000,2019-09-14,033,[PLB]ST PALEMBANG,8
03392019/140071,03392019/140071,09/14/2019 17:56:44,291000,21825.0000,31283.000000,0.0000,2019-09-14,033,[PLB]ST PALEMBANG,8
03392019/140072,03392019/140072,09/14/2019 18:03:00,340000,25500.0000,36550.000000,0.0000,2019-09-14,033,[PLB]ST PALEMBANG,8
03392019/140073,03392019/140073,09/14/2019 18:04:18,152000,11400.0000,16340.000000,0.0000,2019-09-14,033,[PLB]ST PALEMBANG,8
03392019/140074,03392019/140074,09/14/2019 18:05:16,337000,25275.0000,36228.000000,0.0000,2019-09-14,033,[PLB]ST PALEMBANG,8
03392019/140075,03392019/140075,09/14/2019 18:05:58,180000,13500.0000,19350.000000,0.0000,2019-09-14,033,[PLB]ST PALEMBANG,8
03392019/140076,03392019/140076,09/14/2019 18:06:40,708000,53100.0000,76110.000000,0.0000,2019-09-14,033,[PLB]ST PALEMBANG,8
03392019/140077,03392019/140077,09/14/2019 18:14:43,97000,7275.0000,10428.000000,0.0000,2019-09-14,033,[PLB]ST PALEMBANG,8
03392019/140078,03392019/140078,09/14/2019 18:24:45,173000,12975.0000,18598.000000,0.0000,2019-09-14,033,[PLB]ST PALEMBANG,8
03392019/140079,03392019/140079,09/14/2019 18:29:02,536000,40200.0000,57620.000000,0.0000,2019-09-14,033,[PLB]ST PALEMBANG,8
03392019/140080,03392019/140080,09/14/2019 18:30:47,326000,24450.0000,35045.000000,0.0000,2019-09-14,033,[PLB]ST PALEMBANG,8
03392019/140081,03392019/140081,09/14/2019 18:35:35,498000,37350.0000,53535.000000,0.0000,2019-09-14,033,[PLB]ST PALEMBANG,8
03392019/140082,03392019/140082,09/14/2019 18:39:27,1318000,98850.0000,141685.000000,0.0000,2019-09-14,033,[PLB]ST PALEMBANG,8
03392019/140083,03392019/140083,09/14/2019 18:57:31,186000,13950.0000,19995.000000,0.0000,2019-09-14,033,[PLB]ST PALEMBANG,8
03392019/140084,03392019/140084,09/14/2019 19:07:00,334000,25050.0000,35905.000000,0.0000,2019-09-14,033,[PLB]ST PALEMBANG,8
03392019/140085,03392019/140085,09/14/2019 19:14:09,105000,7875.0000,11288.000000,0.0000,2019-09-14,033,[PLB]ST PALEMBANG,8
03392019/140086,03392019/140086,09/14/2019 19:18:41,1020000,76500.0000,109650.000000,0.0000,2019-09-14,033,[PLB]ST PALEMBANG,8
03392019/140087,03392019/140087,09/14/2019 19:20:34,169000,12675.0000,18168.000000,0.0000,2019-09-14,033,[PLB]ST PALEMBANG,8
03392019/140088,03392019/140088,09/14/2019 19:21:34,532000,39900.0000,57190.000000,0.0000,2019-09-14,033,[PLB]ST PALEMBANG,8
03392019/140089,03392019/140089,09/14/2019 19:23:14,318000,23850.0000,34185.000000,0.0000,2019-09-14,033,[PLB]ST PALEMBANG,8
03392019/140090,03392019/140090,09/14/2019 19:25:01,686000,51450.0000,73745.000000,0.0000,2019-09-14,033,[PLB]ST PALEMBANG,8
03392019/140091,03392019/140091,09/14/2019 19:28:26,72000,5400.0000,7740.000000,0.0000,2019-09-14,033,[PLB]ST PALEMBANG,8
03392019/140092,03392019/140092,09/14/2019 19:30:19,342000,25650.0000,36765.000000,0.0000,2019-09-14,033,[PLB]ST PALEMBANG,8
03392019/140093,03392019/140093,09/14/2019 19:31:27,124000,9300.0000,13330.000000,0.0000,2019-09-14,033,[PLB]ST PALEMBANG,8
03392019/140094,03392019/140094,09/14/2019 19:38:56,188000,14100.0000,20210.000000,0.0000,2019-09-14,033,[PLB]ST PALEMBANG,8
03392019/140095,03392019/140095,09/14/2019 19:39:34,1223000,91725.0000,131473.000000,0.0000,2019-09-14,033,[PLB]ST PALEMBANG,8
03392019/140096,03392019/140096,09/14/2019 19:41:25,612000,45900.0000,65790.000000,0.0000,2019-09-14,033,[PLB]ST PALEMBANG,8
03392019/140097,03392019/140097,09/14/2019 19:43:04,496000,37200.0000,53320.000000,0.0000,2019-09-14,033,[PLB]ST PALEMBANG,8
03392019/140098,03392019/140098,09/14/2019 19:44:34,674000,50550.0000,72455.000000,0.0000,2019-09-14,033,[PLB]ST PALEMBANG,8
03392019/140099,03392019/140099,09/14/2019 19:46:11,630000,47250.0000,67725.000000,0.0000,2019-09-14,033,[PLB]ST PALEMBANG,8
03392019/140100,03392019/140100,09/14/2019 19:53:08,548000,41100.0000,58910.000000,0.0000,2019-09-14,033,[PLB]ST PALEMBANG,8
03392019/140101,03392019/140101,09/14/2019 19:55:08,295000,22125.0000,31713.000000,0.0000,2019-09-14,033,[PLB]ST PALEMBANG,8
03392019/140102,03392019/140102,09/14/2019 19:55:37,190000,14250.0000,20425.000000,0.0000,2019-09-14,033,[PLB]ST PALEMBANG,8
03392019/140103,03392019/140103,09/14/2019 19:56:40,346000,25950.0000,37195.000000,0.0000,2019-09-14,033,[PLB]ST PALEMBANG,8
03392019/140104,03392019/140104,09/14/2019 19:59:03,1331000,99825.0000,143083.000000,0.0000,2019-09-14,033,[PLB]ST PALEMBANG,8
03392019/140105,03392019/140105,09/14/2019 20:01:31,277000,20775.0000,29778.000000,0.0000,2019-09-14,033,[PLB]ST PALEMBANG,8
03392019/140106,03392019/140106,09/14/2019 20:02:46,69000,5175.0000,7418.000000,0.0000,2019-09-14,033,[PLB]ST PALEMBANG,8
03392019/140107,03392019/140107,09/14/2019 20:04:08,451000,33825.0000,48483.000000,0.0000,2019-09-14,033,[PLB]ST PALEMBANG,8
03392019/140108,03392019/140108,09/14/2019 20:05:17,344000,25800.0000,36980.000000,0.0000,2019-09-14,033,[PLB]ST PALEMBANG,8
03392019/140109,03392019/140109,09/14/2019 20:06:24,205000,15375.0000,22038.000000,0.0000,2019-09-14,033,[PLB]ST PALEMBANG,8
03392019/140110,03392019/140110,09/14/2019 20:07:56,293000,21975.0000,31498.000000,0.0000,2019-09-14,033,[PLB]ST PALEMBANG,8
03392019/140111,03392019/140111,09/14/2019 20:09:31,312000,23400.0000,33540.000000,0.0000,2019-09-14,033,[PLB]ST PALEMBANG,8
03392019/140112,03392019/140112,09/14/2019 20:10:24,800000,60000.0000,86000.000000,0.0000,2019-09-14,033,[PLB]ST PALEMBANG,8
03392019/140113,03392019/140113,09/14/2019 20:12:44,213000,15975.0000,22898.000000,0.0000,2019-09-14,033,[PLB]ST PALEMBANG,8
03392019/140114,03392019/140114,09/14/2019 20:20:24,467000,35025.0000,50203.000000,0.0000,2019-09-14,033,[PLB]ST PALEMBANG,8
03392019/140115,03392019/140115,09/14/2019 20:27:01,272000,20400.0000,29240.000000,0.0000,2019-09-14,033,[PLB]ST PALEMBANG,8
03392019/140116,03392019/140116,09/14/2019 20:31:42,635000,47625.0000,68263.000000,0.0000,2019-09-14,033,[PLB]ST PALEMBANG,8
03392019/140117,03392019/140117,09/14/2019 20:33:59,313000,23475.0000,33648.000000,0.0000,2019-09-14,033,[PLB]ST PALEMBANG,8
03392019/140118,03392019/140118,09/14/2019 20:34:56,201000,15075.0000,21608.000000,0.0000,2019-09-14,033,[PLB]ST PALEMBANG,8
03392019/140119,03392019/140119,09/14/2019 20:38:06,1130000,84750.0000,121475.000000,0.0000,2019-09-14,033,[PLB]ST PALEMBANG,8
03392019/140120,03392019/140120,09/14/2019 20:39:49,1282000,96150.0000,137815.000000,0.0000,2019-09-14,033,[PLB]ST PALEMBANG,8
03392019/140121,03392019/140121,09/14/2019 20:41:15,201000,15075.0000,21608.000000,0.0000,2019-09-14,033,[PLB]ST PALEMBANG,8
03392019/140122,03392019/140122,09/14/2019 20:42:52,909000,68175.0000,97718.000000,0.0000,2019-09-14,033,[PLB]ST PALEMBANG,8
03392019/140123,03392019/140123,09/14/2019 20:49:00,267000,20025.0000,28703.000000,0.0000,2019-09-14,033,[PLB]ST PALEMBANG,8
03392019/140124,03392019/140124,09/14/2019 20:50:31,185000,13875.0000,19888.000000,0.0000,2019-09-14,033,[PLB]ST PALEMBANG,8
03392019/140125,03392019/140125,09/14/2019 20:52:35,591000,44325.0000,63533.000000,0.0000,2019-09-14,033,[PLB]ST PALEMBANG,8
03392019/140126,03392019/140126,09/14/2019 20:53:46,120000,9000.0000,12900.000000,0.0000,2019-09-14,033,[PLB]ST PALEMBANG,8
03392019/140127,03392019/140127,09/14/2019 20:56:57,313000,23475.0000,33648.000000,0.0000,2019-09-14,033,[PLB]ST PALEMBANG,8
03392019/140128,03392019/140128,09/14/2019 20:58:47,229000,17175.0000,24618.000000,0.0000,2019-09-14,033,[PLB]ST PALEMBANG,8
03392019/140129,03392019/140129,09/14/2019 21:02:32,969000,72675.0000,104168.000000,0.0000,2019-09-14,033,[PLB]ST PALEMBANG,8
03392019/140130,03392019/140130,09/14/2019 21:03:39,294000,22050.0000,31605.000000,0.0000,2019-09-14,033,[PLB]ST PALEMBANG,8
03392019/140131,03392019/140131,09/14/2019 21:04:51,160000,12000.0000,17200.000000,0.0000,2019-09-14,033,[PLB]ST PALEMBANG,8
03392019/140132,03392019/140132,09/14/2019 21:06:07,431000,32325.0000,46333.000000,0.0000,2019-09-14,033,[PLB]ST PALEMBANG,8
03392019/140133,03392019/140133,09/14/2019 21:07:31,244000,18300.0000,26230.000000,0.0000,2019-09-14,033,[PLB]ST PALEMBANG,8
03392019/140134,03392019/140134,09/14/2019 21:11:15,245000,18375.0000,26338.000000,0.0000,2019-09-14,033,[PLB]ST PALEMBANG,8
03392019/140135,03392019/140135,09/14/2019 21:12:38,134000,10050.0000,14405.000000,0.0000,2019-09-14,033,[PLB]ST PALEMBANG,8
03392019/140136,03392019/140136,09/14/2019 21:13:35,106000,7950.0000,11395.000000,0.0000,2019-09-14,033,[PLB]ST PALEMBANG,8
03392019/140137,03392019/140137,09/14/2019 21:16:00,682000,51150.0000,73315.000000,0.0000,2019-09-14,033,[PLB]ST PALEMBANG,8
03392019/140138,03392019/140138,09/14/2019 21:18:05,535000,40125.0000,57513.000000,0.0000,2019-09-14,033,[PLB]ST PALEMBANG,8
03392019/140139,03392019/140139,09/14/2019 21:21:18,235000,17625.0000,25263.000000,0.0000,2019-09-14,033,[PLB]ST PALEMBANG,8
03392019/140140,03392019/140140,09/14/2019 21:22:02,779000,58425.0000,83743.000000,0.0000,2019-09-14,033,[PLB]ST PALEMBANG,8
03392019/140141,03392019/140141,09/14/2019 21:24:43,299000,22425.0000,32143.000000,0.0000,2019-09-14,033,[PLB]ST PALEMBANG,8
03392019/140142,03392019/140142,09/14/2019 21:29:39,279000,20925.0000,29993.000000,0.0000,2019-09-14,033,[PLB]ST PALEMBANG,8
03392019/140143,03392019/140143,09/14/2019 21:32:39,250000,18750.0000,26875.000000,0.0000,2019-09-14,033,[PLB]ST PALEMBANG,8
03392019/140144,03392019/140144,09/14/2019 21:34:47,423000,31725.0000,45473.000000,0.0000,2019-09-14,033,[PLB]ST PALEMBANG,8
03392019/140145,03392019/140145,09/14/2019 21:35:38,505000,37875.0000,54288.000000,0.0000,2019-09-14,033,[PLB]ST PALEMBANG,8
03392019/140146,03392019/140146,09/14/2019 21:37:40,206000,15450.0000,22145.000000,0.0000,2019-09-14,033,[PLB]ST PALEMBANG,8
03392019/140147,03392019/140147,09/14/2019 21:38:54,942000,70650.0000,101265.000000,0.0000,2019-09-14,033,[PLB]ST PALEMBANG,8
03392019/140148,03392019/140148,09/14/2019 21:40:00,128000,9600.0000,13760.000000,0.0000,2019-09-14,033,[PLB]ST PALEMBANG,8
03392019/140149,03392019/140149,09/14/2019 21:40:37,313000,23475.0000,33648.000000,0.0000,2019-09-14,033,[PLB]ST PALEMBANG,8
03392019/140150,03392019/140150,09/14/2019 21:42:57,289000,21675.0000,31068.000000,0.0000,2019-09-14,033,[PLB]ST PALEMBANG,8
03392019/140151,03392019/140151,09/14/2019 21:47:24,1146000,85950.0000,123195.000000,0.0000,2019-09-14,033,[PLB]ST PALEMBANG,8
03392019/140152,03392019/140152,09/14/2019 21:49:26,338000,25350.0000,36335.000000,0.0000,2019-09-14,033,[PLB]ST PALEMBANG,8
03392019/140153,03392019/140153,09/14/2019 21:53:46,151000,11325.0000,16233.000000,0.0000,2019-09-14,033,[PLB]ST PALEMBANG,8
03392019/140154,03392019/140154,09/14/2019 22:03:17,18000,1350.0000,1935.000000,0.0000,2019-09-14,033,[PLB]ST PALEMBANG,8
03392019/140155,03392019/140155,09/14/2019 22:03:38,157000,11775.0000,16878.000000,0.0000,2019-09-14,033,[PLB]ST PALEMBANG,8
03392019/130001,03392019/130001,09/13/2019 10:10:43,116000,8700.0000,12470.000000,0.0000,2019-09-13,033,[PLB]ST PALEMBANG,8
03392019/130002,03392019/130002,09/13/2019 10:52:07,85000,6375.0000,9138.000000,0.0000,2019-09-13,033,[PLB]ST PALEMBANG,8
03392019/130003,03392019/130003,09/13/2019 12:00:43,498000,37350.0000,53535.000000,0.0000,2019-09-13,033,[PLB]ST PALEMBANG,8
03392019/130004,03392019/130004,09/13/2019 12:05:00,126000,9450.0000,13545.000000,0.0000,2019-09-13,033,[PLB]ST PALEMBANG,8
03392019/130005,03392019/130005,09/13/2019 12:34:52,434000,32550.0000,46655.000000,0.0000,2019-09-13,033,[PLB]ST PALEMBANG,8
03392019/130006,03392019/130006,09/13/2019 12:40:47,347000,26025.0000,37303.000000,0.0000,2019-09-13,033,[PLB]ST PALEMBANG,8
03392019/130007,03392019/130007,09/13/2019 12:42:05,483000,36225.0000,51923.000000,0.0000,2019-09-13,033,[PLB]ST PALEMBANG,8
03392019/130008,03392019/130008,09/13/2019 12:44:42,480000,36000.0000,51600.000000,0.0000,2019-09-13,033,[PLB]ST PALEMBANG,8
03392019/130009,03392019/130009,09/13/2019 12:46:54,362000,27150.0000,38915.000000,0.0000,2019-09-13,033,[PLB]ST PALEMBANG,8
03392019/130010,03392019/130010,09/13/2019 12:48:28,64000,4800.0000,6880.000000,0.0000,2019-09-13,033,[PLB]ST PALEMBANG,8
03392019/130011,03392019/130011,09/13/2019 12:54:41,341000,25575.0000,36658.000000,0.0000,2019-09-13,033,[PLB]ST PALEMBANG,8
03392019/130012,03392019/130012,09/13/2019 12:56:47,36000,2700.0000,3870.000000,0.0000,2019-09-13,033,[PLB]ST PALEMBANG,8
03392019/130013,03392019/130013,09/13/2019 12:57:25,157000,11775.0000,16878.000000,0.0000,2019-09-13,033,[PLB]ST PALEMBANG,8
03392019/130014,03392019/130014,09/13/2019 12:58:32,82000,6150.0000,8815.000000,0.0000,2019-09-13,033,[PLB]ST PALEMBANG,8
03392019/130015,03392019/130015,09/13/2019 12:58:59,49000,3675.0000,5268.000000,0.0000,2019-09-13,033,[PLB]ST PALEMBANG,8
03392019/130016,03392019/130016,09/13/2019 13:00:11,56000,4200.0000,6020.000000,0.0000,2019-09-13,033,[PLB]ST PALEMBANG,8
03392019/130017,03392019/130017,09/13/2019 13:00:59,454000,34050.0000,48805.000000,0.0000,2019-09-13,033,[PLB]ST PALEMBANG,8
03392019/130018,03392019/130018,09/13/2019 13:02:45,245000,18375.0000,26338.000000,0.0000,2019-09-13,033,[PLB]ST PALEMBANG,8
03392019/130019,03392019/130019,09/13/2019 13:14:42,910000,68250.0000,97825.000000,0.0000,2019-09-13,033,[PLB]ST PALEMBANG,8
03392019/130020,03392019/130020,09/13/2019 13:16:08,75000,5625.0000,8063.000000,0.0000,2019-09-13,033,[PLB]ST PALEMBANG,8
03392019/130021,03392019/130021,09/13/2019 13:18:00,228000,17100.0000,24510.000000,0.0000,2019-09-13,033,[PLB]ST PALEMBANG,8
03392019/130022,03392019/130022,09/13/2019 13:19:02,35000,2625.0000,3763.000000,0.0000,2019-09-13,033,[PLB]ST PALEMBANG,8
03392019/130023,03392019/130023,09/13/2019 13:19:19,62000,4650.0000,6665.000000,0.0000,2019-09-13,033,[PLB]ST PALEMBANG,8
03392019/130024,03392019/130024,09/13/2019 13:27:41,795000,59625.0000,85463.000000,0.0000,2019-09-13,033,[PLB]ST PALEMBANG,8
03392019/130025,03392019/130025,09/13/2019 13:31:25,315000,23625.0000,33863.000000,0.0000,2019-09-13,033,[PLB]ST PALEMBANG,8
03392019/130026,03392019/130026,09/13/2019 13:41:42,330000,24750.0000,35475.000000,0.0000,2019-09-13,033,[PLB]ST PALEMBANG,8
03392019/130027,03392019/130027,09/13/2019 13:56:31,241000,18075.0000,25908.000000,0.0000,2019-09-13,033,[PLB]ST PALEMBANG,8
03392019/130028,03392019/130028,09/13/2019 13:58:54,273000,20475.0000,29348.000000,0.0000,2019-09-13,033,[PLB]ST PALEMBANG,8
03392019/130029,03392019/130029,09/13/2019 13:59:44,394000,29550.0000,42355.000000,0.0000,2019-09-13,033,[PLB]ST PALEMBANG,8
03392019/130030,03392019/130030,09/13/2019 14:05:41,238000,17850.0000,25585.000000,0.0000,2019-09-13,033,[PLB]ST PALEMBANG,8
03392019/130031,03392019/130031,09/13/2019 14:11:56,617000,46275.0000,66328.000000,0.0000,2019-09-13,033,[PLB]ST PALEMBANG,8
03392019/130032,03392019/130032,09/13/2019 14:14:04,437000,32775.0000,46978.000000,0.0000,2019-09-13,033,[PLB]ST PALEMBANG,8
03392019/130033,03392019/130033,09/13/2019 14:17:41,94000,7050.0000,10105.000000,0.0000,2019-09-13,033,[PLB]ST PALEMBANG,8
03392019/130034,03392019/130034,09/13/2019 14:22:35,155000,11625.0000,16663.000000,0.0000,2019-09-13,033,[PLB]ST PALEMBANG,8
03392019/130035,03392019/130035,09/13/2019 14:24:52,273000,20475.0000,29348.000000,0.0000,2019-09-13,033,[PLB]ST PALEMBANG,8
03392019/130036,03392019/130036,09/13/2019 14:26:18,572000,42900.0000,61490.000000,0.0000,2019-09-13,033,[PLB]ST PALEMBANG,8
03392019/130037,03392019/130037,09/13/2019 14:27:21,271000,20325.0000,29133.000000,0.0000,2019-09-13,033,[PLB]ST PALEMBANG,8
03392019/130038,03392019/130038,09/13/2019 14:33:02,373000,27975.0000,40098.000000,0.0000,2019-09-13,033,[PLB]ST PALEMBANG,8
03392019/130039,03392019/130039,09/13/2019 14:35:56,588000,44100.0000,63210.000000,0.0000,2019-09-13,033,[PLB]ST PALEMBANG,8
03392019/130040,03392019/130040,09/13/2019 14:47:45,320000,24000.0000,34400.000000,0.0000,2019-09-13,033,[PLB]ST PALEMBANG,8
03392019/130041,03392019/130041,09/13/2019 15:00:39,185000,13875.0000,19888.000000,0.0000,2019-09-13,033,[PLB]ST PALEMBANG,8
03392019/130042,03392019/130042,09/13/2019 15:11:15,304000,22800.0000,32680.000000,0.0000,2019-09-13,033,[PLB]ST PALEMBANG,8
03392019/130043,03392019/130043,09/13/2019 15:23:01,281000,21075.0000,30208.000000,0.0000,2019-09-13,033,[PLB]ST PALEMBANG,8
03392019/130044,03392019/130044,09/13/2019 15:47:27,150000,11250.0000,16125.000000,0.0000,2019-09-13,033,[PLB]ST PALEMBANG,8
03392019/130045,03392019/130045,09/13/2019 15:48:14,118000,8850.0000,12685.000000,0.0000,2019-09-13,033,[PLB]ST PALEMBANG,8
03392019/130046,03392019/130046,09/13/2019 16:04:32,433000,32475.0000,46548.000000,0.0000,2019-09-13,033,[PLB]ST PALEMBANG,8
03392019/130047,03392019/130047,09/13/2019 16:05:17,71000,5325.0000,7633.000000,0.0000,2019-09-13,033,[PLB]ST PALEMBANG,8
03392019/130048,03392019/130048,09/13/2019 16:10:43,81000,6075.0000,8708.000000,0.0000,2019-09-13,033,[PLB]ST PALEMBANG,8
03392019/130049,03392019/130049,09/13/2019 16:12:11,401000,30075.0000,43108.000000,0.0000,2019-09-13,033,[PLB]ST PALEMBANG,8
03392019/130050,03392019/130050,09/13/2019 16:20:08,123000,9225.0000,13223.000000,0.0000,2019-09-13,033,[PLB]ST PALEMBANG,8
03392019/130051,03392019/130051,09/13/2019 16:43:14,34000,2550.0000,3655.000000,0.0000,2019-09-13,033,[PLB]ST PALEMBANG,8
03392019/130052,03392019/130052,09/13/2019 16:47:44,108000,8100.0000,11610.000000,0.0000,2019-09-13,033,[PLB]ST PALEMBANG,8
03392019/130053,03392019/130053,09/13/2019 17:07:42,1056000,79200.0000,113520.000000,0.0000,2019-09-13,033,[PLB]ST PALEMBANG,8
03392019/130054,03392019/130054,09/13/2019 17:11:56,185000,13875.0000,19888.000000,0.0000,2019-09-13,033,[PLB]ST PALEMBANG,8
03392019/130055,03392019/130055,09/13/2019 17:16:34,461000,34575.0000,49558.000000,0.0000,2019-09-13,033,[PLB]ST PALEMBANG,8
03392019/130056,03392019/130056,09/13/2019 17:20:03,227000,17025.0000,24403.000000,0.0000,2019-09-13,033,[PLB]ST PALEMBANG,8
03392019/130057,03392019/130057,09/13/2019 17:23:59,247000,18525.0000,26553.000000,0.0000,2019-09-13,033,[PLB]ST PALEMBANG,8
03392019/130058,03392019/130058,09/13/2019 17:24:11,160000,12000.0000,17200.000000,0.0000,2019-09-13,033,[PLB]ST PALEMBANG,8
03392019/130059,03392019/130059,09/13/2019 17:25:15,230000,17250.0000,24725.000000,0.0000,2019-09-13,033,[PLB]ST PALEMBANG,8
03392019/130060,03392019/130060,09/13/2019 17:26:55,765000,57375.0000,82238.000000,0.0000,2019-09-13,033,[PLB]ST PALEMBANG,8
03392019/130061,03392019/130061,09/13/2019 17:38:10,236000,17700.0000,25370.000000,0.0000,2019-09-13,033,[PLB]ST PALEMBANG,8
03392019/130062,03392019/130062,09/13/2019 17:40:05,82000,6150.0000,8815.000000,0.0000,2019-09-13,033,[PLB]ST PALEMBANG,8
03392019/130063,03392019/130063,09/13/2019 17:43:01,390000,29250.0000,41925.000000,0.0000,2019-09-13,033,[PLB]ST PALEMBANG,8
03392019/130064,03392019/130064,09/13/2019 17:49:31,37000,2775.0000,3978.000000,0.0000,2019-09-13,033,[PLB]ST PALEMBANG,8
03392019/130065,03392019/130065,09/13/2019 17:52:50,283000,21225.0000,30423.000000,0.0000,2019-09-13,033,[PLB]ST PALEMBANG,8
03392019/130066,03392019/130066,09/13/2019 18:21:18,283000,21225.0000,30423.000000,0.0000,2019-09-13,033,[PLB]ST PALEMBANG,8
03392019/130067,03392019/130067,09/13/2019 18:23:10,392000,29400.0000,42140.000000,0.0000,2019-09-13,033,[PLB]ST PALEMBANG,8
03392019/130068,03392019/130068,09/13/2019 18:26:37,147000,11025.0000,15803.000000,0.0000,2019-09-13,033,[PLB]ST PALEMBANG,8
03392019/130069,03392019/130069,09/13/2019 18:28:49,188000,14100.0000,20210.000000,0.0000,2019-09-13,033,[PLB]ST PALEMBANG,8
03392019/130070,03392019/130070,09/13/2019 18:40:18,198000,14850.0000,21285.000000,0.0000,2019-09-13,033,[PLB]ST PALEMBANG,8
03392019/130071,03392019/130071,09/13/2019 18:53:36,303000,22725.0000,32573.000000,0.0000,2019-09-13,033,[PLB]ST PALEMBANG,8
03392019/130072,03392019/130072,09/13/2019 18:55:40,933000,69975.0000,100298.000000,0.0000,2019-09-13,033,[PLB]ST PALEMBANG,8
03392019/130073,03392019/130073,09/13/2019 19:00:16,446000,33450.0000,47945.000000,0.0000,2019-09-13,033,[PLB]ST PALEMBANG,8
03392019/130074,03392019/130074,09/13/2019 19:08:10,631000,47325.0000,67833.000000,0.0000,2019-09-13,033,[PLB]ST PALEMBANG,8
03392019/130075,03392019/130075,09/13/2019 19:09:46,295000,22125.0000,31713.000000,0.0000,2019-09-13,033,[PLB]ST PALEMBANG,8
03392019/130076,03392019/130076,09/13/2019 19:13:20,235000,17625.0000,25263.000000,0.0000,2019-09-13,033,[PLB]ST PALEMBANG,8
03392019/130077,03392019/130077,09/13/2019 19:14:42,184000,13800.0000,19780.000000,0.0000,2019-09-13,033,[PLB]ST PALEMBANG,8
03392019/130078,03392019/130078,09/13/2019 19:16:59,259000,19425.0000,27843.000000,0.0000,2019-09-13,033,[PLB]ST PALEMBANG,8
03392019/130079,03392019/130079,09/13/2019 19:18:50,128000,9600.0000,13760.000000,0.0000,2019-09-13,033,[PLB]ST PALEMBANG,8
03392019/130080,03392019/130080,09/13/2019 19:24:44,367000,27525.0000,39453.000000,0.0000,2019-09-13,033,[PLB]ST PALEMBANG,8
03392019/130081,03392019/130081,09/13/2019 19:28:40,565000,42375.0000,60738.000000,0.0000,2019-09-13,033,[PLB]ST PALEMBANG,8
03392019/130082,03392019/130082,09/13/2019 19:29:45,296000,22200.0000,31820.000000,0.0000,2019-09-13,033,[PLB]ST PALEMBANG,8
03392019/130083,03392019/130083,09/13/2019 19:30:58,477000,35775.0000,51278.000000,0.0000,2019-09-13,033,[PLB]ST PALEMBANG,8
03392019/130084,03392019/130084,09/13/2019 19:36:50,290000,21750.0000,31175.000000,0.0000,2019-09-13,033,[PLB]ST PALEMBANG,8
03392019/130085,03392019/130085,09/13/2019 19:39:38,38000,2850.0000,4085.000000,0.0000,2019-09-13,033,[PLB]ST PALEMBANG,8
03392019/130086,03392019/130086,09/13/2019 19:41:06,161000,12075.0000,17308.000000,0.0000,2019-09-13,033,[PLB]ST PALEMBANG,8
03392019/130087,03392019/130087,09/13/2019 19:43:27,220000,16500.0000,23650.000000,0.0000,2019-09-13,033,[PLB]ST PALEMBANG,8
03392019/130088,03392019/130088,09/13/2019 19:51:02,508000,38100.0000,54610.000000,0.0000,2019-09-13,033,[PLB]ST PALEMBANG,8
03392019/130089,03392019/130089,09/13/2019 19:55:30,350000,26250.0000,37625.000000,0.0000,2019-09-13,033,[PLB]ST PALEMBANG,8
03392019/130090,03392019/130090,09/13/2019 20:01:57,253000,18975.0000,27198.000000,0.0000,2019-09-13,033,[PLB]ST PALEMBANG,8
03392019/130091,03392019/130091,09/13/2019 20:10:39,54000,4050.0000,5805.000000,0.0000,2019-09-13,033,[PLB]ST PALEMBANG,8
03392019/130092,03392019/130092,09/13/2019 20:17:31,449000,33675.0000,48268.000000,0.0000,2019-09-13,033,[PLB]ST PALEMBANG,8
03392019/130093,03392019/130093,09/13/2019 20:22:18,536000,40200.0000,57620.000000,0.0000,2019-09-13,033,[PLB]ST PALEMBANG,8
03392019/130094,03392019/130094,09/13/2019 20:27:06,407000,30525.0000,43753.000000,0.0000,2019-09-13,033,[PLB]ST PALEMBANG,8
03392019/130095,03392019/130095,09/13/2019 20:31:38,442000,33150.0000,47515.000000,0.0000,2019-09-13,033,[PLB]ST PALEMBANG,8
03392019/130096,03392019/130096,09/13/2019 20:38:28,368000,27600.0000,39560.000000,0.0000,2019-09-13,033,[PLB]ST PALEMBANG,8
03392019/130097,03392019/130097,09/13/2019 20:45:12,305000,22875.0000,32788.000000,0.0000,2019-09-13,033,[PLB]ST PALEMBANG,8
03392019/130098,03392019/130098,09/13/2019 20:46:09,1320000,99000.0000,141900.000000,0.0000,2019-09-13,033,[PLB]ST PALEMBANG,8
03392019/130099,03392019/130099,09/13/2019 21:00:53,116000,8700.0000,12470.000000,0.0000,2019-09-13,033,[PLB]ST PALEMBANG,8
03392019/130100,03392019/130100,09/13/2019 21:08:25,194000,14550.0000,20855.000000,0.0000,2019-09-13,033,[PLB]ST PALEMBANG,8
03392019/130101,03392019/130101,09/13/2019 21:14:09,228000,17100.0000,24510.000000,0.0000,2019-09-13,033,[PLB]ST PALEMBANG,8
03392019/130102,03392019/130102,09/13/2019 21:17:13,820000,61500.0000,88150.000000,0.0000,2019-09-13,033,[PLB]ST PALEMBANG,8
03392019/130103,03392019/130103,09/13/2019 21:20:12,531000,39825.0000,57083.000000,0.0000,2019-09-13,033,[PLB]ST PALEMBANG,8
03392019/130104,03392019/130104,09/13/2019 21:25:02,1203000,90225.0000,129323.000000,0.0000,2019-09-13,033,[PLB]ST PALEMBANG,8
03392019/130105,03392019/130105,09/13/2019 21:26:12,209000,15675.0000,22468.000000,0.0000,2019-09-13,033,[PLB]ST PALEMBANG,8
03392019/130106,03392019/130106,09/13/2019 21:31:24,392000,29400.0000,42140.000000,0.0000,2019-09-13,033,[PLB]ST PALEMBANG,8
03392019/130107,03392019/130107,09/13/2019 21:36:22,312000,23400.0000,33540.000000,0.0000,2019-09-13,033,[PLB]ST PALEMBANG,8
03392019/130108,03392019/130108,09/13/2019 21:39:19,1069000,80175.0000,114918.000000,0.0000,2019-09-13,033,[PLB]ST PALEMBANG,8
03392019/130109,03392019/130109,09/13/2019 21:47:50,1099000,82425.0000,118143.000000,0.0000,2019-09-13,033,[PLB]ST PALEMBANG,8
03392019/130110,03392019/130110,09/13/2019 21:49:39,195000,14625.0000,20963.000000,0.0000,2019-09-13,033,[PLB]ST PALEMBANG,8
03392019/130111,03392019/130111,09/13/2019 21:59:05,102000,7650.0000,10965.000000,0.0000,2019-09-13,033,[PLB]ST PALEMBANG,8
03392019/120001,03392019/120001,09/12/2019 10:05:51,29000,2175.0000,3118.000000,0.0000,2019-09-12,033,[PLB]ST PALEMBANG,8
03392019/120002,03392019/120002,09/12/2019 10:09:35,44000,3300.0000,4730.000000,0.0000,2019-09-12,033,[PLB]ST PALEMBANG,8
03392019/120003,03392019/120003,09/12/2019 10:32:01,92000,6900.0000,9890.000000,0.0000,2019-09-12,033,[PLB]ST PALEMBANG,8
03392019/120004,03392019/120004,09/12/2019 10:43:34,26000,1950.0000,2795.000000,0.0000,2019-09-12,033,[PLB]ST PALEMBANG,8
03392019/120005,03392019/120005,09/12/2019 11:20:10,499000,37425.0000,53643.000000,0.0000,2019-09-12,033,[PLB]ST PALEMBANG,8
03392019/120006,03392019/120006,09/12/2019 11:23:17,47000,3525.0000,5053.000000,0.0000,2019-09-12,033,[PLB]ST PALEMBANG,8
03392019/120007,03392019/120007,09/12/2019 11:34:52,47000,3525.0000,5053.000000,0.0000,2019-09-12,033,[PLB]ST PALEMBANG,8
03392019/120008,03392019/120008,09/12/2019 11:42:34,194000,14550.0000,20855.000000,0.0000,2019-09-12,033,[PLB]ST PALEMBANG,8
03392019/120009,03392019/120009,09/12/2019 12:09:28,178000,13350.0000,19135.000000,0.0000,2019-09-12,033,[PLB]ST PALEMBANG,8
03392019/120010,03392019/120010,09/12/2019 12:12:58,159000,11925.0000,17093.000000,0.0000,2019-09-12,033,[PLB]ST PALEMBANG,8
03392019/120011,03392019/120011,09/12/2019 12:27:04,433000,32475.0000,46548.000000,0.0000,2019-09-12,033,[PLB]ST PALEMBANG,8
03392019/120012,03392019/120012,09/12/2019 12:31:16,144000,10800.0000,15480.000000,0.0000,2019-09-12,033,[PLB]ST PALEMBANG,8
03392019/120013,03392019/120013,09/12/2019 13:01:41,248000,18600.0000,26660.000000,0.0000,2019-09-12,033,[PLB]ST PALEMBANG,8
03392019/120014,03392019/120014,09/12/2019 13:02:55,47000,3525.0000,5053.000000,0.0000,2019-09-12,033,[PLB]ST PALEMBANG,8
03392019/120015,03392019/120015,09/12/2019 13:26:45,348000,26100.0000,37410.000000,0.0000,2019-09-12,033,[PLB]ST PALEMBANG,8
03392019/120016,03392019/120016,09/12/2019 13:30:16,338000,25350.0000,36335.000000,0.0000,2019-09-12,033,[PLB]ST PALEMBANG,8
03392019/120017,03392019/120017,09/12/2019 13:45:33,253000,18975.0000,27198.000000,0.0000,2019-09-12,033,[PLB]ST PALEMBANG,8
03392019/120018,03392019/120018,09/12/2019 13:54:37,496000,37200.0000,53320.000000,0.0000,2019-09-12,033,[PLB]ST PALEMBANG,8
03392019/120019,03392019/120019,09/12/2019 14:18:02,314000,23550.0000,33755.000000,0.0000,2019-09-12,033,[PLB]ST PALEMBANG,8
03392019/120020,03392019/120020,09/12/2019 14:48:57,38000,2850.0000,4085.000000,0.0000,2019-09-12,033,[PLB]ST PALEMBANG,8
03392019/120021,03392019/120021,09/12/2019 14:53:30,366000,27450.0000,39345.000000,0.0000,2019-09-12,033,[PLB]ST PALEMBANG,8
03392019/120022,03392019/120022,09/12/2019 15:06:14,104000,7800.0000,11180.000000,0.0000,2019-09-12,033,[PLB]ST PALEMBANG,8
03392019/120023,03392019/120023,09/12/2019 15:08:52,26000,1950.0000,2795.000000,0.0000,2019-09-12,033,[PLB]ST PALEMBANG,8
03392019/120024,03392019/120024,09/12/2019 15:12:36,112000,8400.0000,12040.000000,0.0000,2019-09-12,033,[PLB]ST PALEMBANG,8
03392019/120025,03392019/120025,09/12/2019 15:50:23,446000,33450.0000,47945.000000,0.0000,2019-09-12,033,[PLB]ST PALEMBANG,8
03392019/120026,03392019/120026,09/12/2019 15:51:25,150000,11250.0000,16125.000000,0.0000,2019-09-12,033,[PLB]ST PALEMBANG,8
03392019/120027,03392019/120027,09/12/2019 16:03:15,420000,31500.0000,45150.000000,0.0000,2019-09-12,033,[PLB]ST PALEMBANG,8
03392019/120028,03392019/120028,09/12/2019 16:39:54,204000,15300.0000,21930.000000,0.0000,2019-09-12,033,[PLB]ST PALEMBANG,8
03392019/120029,03392019/120029,09/12/2019 16:44:41,375000,28125.0000,40313.000000,0.0000,2019-09-12,033,[PLB]ST PALEMBANG,8
03392019/120030,03392019/120030,09/12/2019 16:52:20,229000,17175.0000,24618.000000,0.0000,2019-09-12,033,[PLB]ST PALEMBANG,8
03392019/120031,03392019/120031,09/12/2019 16:55:11,1054000,79050.0000,113305.000000,0.0000,2019-09-12,033,[PLB]ST PALEMBANG,8
03392019/120032,03392019/120032,09/12/2019 17:23:08,298000,22350.0000,32035.000000,0.0000,2019-09-12,033,[PLB]ST PALEMBANG,8
03392019/120033,03392019/120033,09/12/2019 17:26:27,500000,37500.0000,53750.000000,0.0000,2019-09-12,033,[PLB]ST PALEMBANG,8
03392019/120034,03392019/120034,09/12/2019 17:28:10,390000,29250.0000,41925.000000,0.0000,2019-09-12,033,[PLB]ST PALEMBANG,8
03392019/120035,03392019/120035,09/12/2019 17:29:45,194000,14550.0000,20855.000000,0.0000,2019-09-12,033,[PLB]ST PALEMBANG,8
03392019/120036,03392019/120036,09/12/2019 17:32:07,166000,12450.0000,17845.000000,0.0000,2019-09-12,033,[PLB]ST PALEMBANG,8
03392019/120037,03392019/120037,09/12/2019 18:02:06,246000,18450.0000,26445.000000,0.0000,2019-09-12,033,[PLB]ST PALEMBANG,8
03392019/120038,03392019/120038,09/12/2019 18:09:36,316000,23700.0000,33970.000000,0.0000,2019-09-12,033,[PLB]ST PALEMBANG,8
03392019/120039,03392019/120039,09/12/2019 18:16:09,280000,21000.0000,30100.000000,0.0000,2019-09-12,033,[PLB]ST PALEMBANG,8
03392019/120040,03392019/120040,09/12/2019 18:20:09,103000,7725.0000,11073.000000,0.0000,2019-09-12,033,[PLB]ST PALEMBANG,8
03392019/120041,03392019/120041,09/12/2019 18:34:41,399000,29925.0000,42893.000000,0.0000,2019-09-12,033,[PLB]ST PALEMBANG,8
03392019/120042,03392019/120042,09/12/2019 18:38:29,166000,12450.0000,17845.000000,0.0000,2019-09-12,033,[PLB]ST PALEMBANG,8
03392019/120043,03392019/120043,09/12/2019 18:39:48,633000,47475.0000,68048.000000,0.0000,2019-09-12,033,[PLB]ST PALEMBANG,8
03392019/120044,03392019/120044,09/12/2019 18:43:52,381000,28575.0000,40958.000000,0.0000,2019-09-12,033,[PLB]ST PALEMBANG,8
03392019/120045,03392019/120045,09/12/2019 18:52:29,215000,16125.0000,23113.000000,0.0000,2019-09-12,033,[PLB]ST PALEMBANG,8
03392019/120046,03392019/120046,09/12/2019 19:01:37,271000,20325.0000,29133.000000,0.0000,2019-09-12,033,[PLB]ST PALEMBANG,8
03392019/120047,03392019/120047,09/12/2019 19:03:06,396000,29700.0000,42570.000000,0.0000,2019-09-12,033,[PLB]ST PALEMBANG,8
03392019/120048,03392019/120048,09/12/2019 19:09:33,120000,9000.0000,12900.000000,0.0000,2019-09-12,033,[PLB]ST PALEMBANG,8
03392019/120049,03392019/120049,09/12/2019 19:19:08,462000,34650.0000,49665.000000,0.0000,2019-09-12,033,[PLB]ST PALEMBANG,8
03392019/120050,03392019/120050,09/12/2019 19:19:59,83000,6225.0000,8923.000000,0.0000,2019-09-12,033,[PLB]ST PALEMBANG,8
03392019/120051,03392019/120051,09/12/2019 19:21:06,142000,10650.0000,15265.000000,0.0000,2019-09-12,033,[PLB]ST PALEMBANG,8
03392019/120052,03392019/120052,09/12/2019 19:27:49,338000,25350.0000,36335.000000,0.0000,2019-09-12,033,[PLB]ST PALEMBANG,8
03392019/120053,03392019/120053,09/12/2019 19:46:15,434000,32550.0000,46655.000000,0.0000,2019-09-12,033,[PLB]ST PALEMBANG,8
03392019/120054,03392019/120054,09/12/2019 19:48:30,173000,12975.0000,18598.000000,0.0000,2019-09-12,033,[PLB]ST PALEMBANG,8
03392019/120055,03392019/120055,09/12/2019 19:49:56,312000,23400.0000,33540.000000,0.0000,2019-09-12,033,[PLB]ST PALEMBANG,8
03392019/120056,03392019/120056,09/12/2019 19:52:56,544000,40800.0000,58480.000000,0.0000,2019-09-12,033,[PLB]ST PALEMBANG,8
03392019/120057,03392019/120057,09/12/2019 19:54:31,289000,21675.0000,31068.000000,0.0000,2019-09-12,033,[PLB]ST PALEMBANG,8
03392019/120058,03392019/120058,09/12/2019 20:04:02,208000,15600.0000,22360.000000,0.0000,2019-09-12,033,[PLB]ST PALEMBANG,8
03392019/120059,03392019/120059,09/12/2019 20:05:53,165000,12375.0000,17738.000000,0.0000,2019-09-12,033,[PLB]ST PALEMBANG,8
03392019/120060,03392019/120060,09/12/2019 20:10:20,346000,25950.0000,37195.000000,0.0000,2019-09-12,033,[PLB]ST PALEMBANG,8
03392019/120061,03392019/120061,09/12/2019 20:12:55,142000,10650.0000,15265.000000,0.0000,2019-09-12,033,[PLB]ST PALEMBANG,8
03392019/120062,03392019/120062,09/12/2019 20:29:45,274000,20550.0000,29455.000000,0.0000,2019-09-12,033,[PLB]ST PALEMBANG,8
03392019/120063,03392019/120063,09/12/2019 20:31:57,333000,24975.0000,35798.000000,0.0000,2019-09-12,033,[PLB]ST PALEMBANG,8
03392019/120064,03392019/120064,09/12/2019 20:33:48,189000,14175.0000,20318.000000,0.0000,2019-09-12,033,[PLB]ST PALEMBANG,8
03392019/120065,03392019/120065,09/12/2019 20:34:51,391000,29325.0000,42033.000000,0.0000,2019-09-12,033,[PLB]ST PALEMBANG,8
03392019/120066,03392019/120066,09/12/2019 20:37:42,263000,19725.0000,28273.000000,0.0000,2019-09-12,033,[PLB]ST PALEMBANG,8
03392019/120067,03392019/120067,09/12/2019 20:46:41,430000,32250.0000,46225.000000,0.0000,2019-09-12,033,[PLB]ST PALEMBANG,8
03392019/120068,03392019/120068,09/12/2019 20:48:45,403000,30225.0000,43323.000000,0.0000,2019-09-12,033,[PLB]ST PALEMBANG,8
03392019/120069,03392019/120069,09/12/2019 20:54:29,1090000,81750.0000,117175.000000,0.0000,2019-09-12,033,[PLB]ST PALEMBANG,8
03392019/120070,03392019/120070,09/12/2019 20:55:43,440000,33000.0000,47300.000000,0.0000,2019-09-12,033,[PLB]ST PALEMBANG,8
03392019/120071,03392019/120071,09/12/2019 21:00:12,494000,37050.0000,53105.000000,0.0000,2019-09-12,033,[PLB]ST PALEMBANG,8
03392019/120072,03392019/120072,09/12/2019 21:06:51,484000,36300.0000,52030.000000,0.0000,2019-09-12,033,[PLB]ST PALEMBANG,8
03392019/120073,03392019/120073,09/12/2019 21:13:01,386000,28950.0000,41495.000000,0.0000,2019-09-12,033,[PLB]ST PALEMBANG,8
03392019/120074,03392019/120074,09/12/2019 21:13:49,1365000,102375.0000,146738.000000,0.0000,2019-09-12,033,[PLB]ST PALEMBANG,8
03392019/120075,03392019/120075,09/12/2019 21:14:41,276000,20700.0000,29670.000000,0.0000,2019-09-12,033,[PLB]ST PALEMBANG,8
03392019/120076,03392019/120076,09/12/2019 21:18:44,653000,48975.0000,70198.000000,0.0000,2019-09-12,033,[PLB]ST PALEMBANG,8
03392019/120077,03392019/120077,09/12/2019 21:19:29,164000,12300.0000,17630.000000,0.0000,2019-09-12,033,[PLB]ST PALEMBANG,8
03392019/120078,03392019/120078,09/12/2019 21:22:29,692000,51900.0000,74390.000000,0.0000,2019-09-12,033,[PLB]ST PALEMBANG,8
03392019/120079,03392019/120079,09/12/2019 21:23:22,284000,21300.0000,30530.000000,0.0000,2019-09-12,033,[PLB]ST PALEMBANG,8
03392019/120080,03392019/120080,09/12/2019 21:36:12,457000,34275.0000,49128.000000,0.0000,2019-09-12,033,[PLB]ST PALEMBANG,8
03392019/120081,03392019/120081,09/12/2019 21:38:10,922000,69150.0000,99115.000000,0.0000,2019-09-12,033,[PLB]ST PALEMBANG,8
03392019/120082,03392019/120082,09/12/2019 21:45:45,461000,34575.0000,49558.000000,0.0000,2019-09-12,033,[PLB]ST PALEMBANG,8
03392019/120083,03392019/120083,09/12/2019 21:46:50,265000,19875.0000,28488.000000,0.0000,2019-09-12,033,[PLB]ST PALEMBANG,8
03392019/120084,03392019/120084,09/12/2019 21:47:49,1253000,93975.0000,134698.000000,0.0000,2019-09-12,033,[PLB]ST PALEMBANG,8
03392019/120085,03392019/120085,09/12/2019 21:52:32,422000,31650.0000,45365.000000,0.0000,2019-09-12,033,[PLB]ST PALEMBANG,8
03392019/110001,03392019/110001,09/11/2019 10:11:44,118000,8850.0000,12685.000000,0.0000,2019-09-11,033,[PLB]ST PALEMBANG,8
03392019/110002,03392019/110002,09/11/2019 10:13:21,117000,8775.0000,12578.000000,0.0000,2019-09-11,033,[PLB]ST PALEMBANG,8
03392019/110003,03392019/110003,09/11/2019 11:01:06,64000,4800.0000,6880.000000,0.0000,2019-09-11,033,[PLB]ST PALEMBANG,8
03392019/110004,03392019/110004,09/11/2019 11:11:15,320000,24000.0000,34400.000000,0.0000,2019-09-11,033,[PLB]ST PALEMBANG,8
03392019/110005,03392019/110005,09/11/2019 11:26:07,127000,9525.0000,13653.000000,0.0000,2019-09-11,033,[PLB]ST PALEMBANG,8
03392019/110006,03392019/110006,09/11/2019 11:37:29,240000,18000.0000,25800.000000,0.0000,2019-09-11,033,[PLB]ST PALEMBANG,8
03392019/110007,03392019/110007,09/11/2019 11:59:20,221000,16575.0000,23758.000000,0.0000,2019-09-11,033,[PLB]ST PALEMBANG,8
03392019/110008,03392019/110008,09/11/2019 12:13:35,54000,4050.0000,5805.000000,0.0000,2019-09-11,033,[PLB]ST PALEMBANG,8
03392019/110009,03392019/110009,09/11/2019 12:54:39,235000,17625.0000,25263.000000,0.0000,2019-09-11,033,[PLB]ST PALEMBANG,8
03392019/110010,03392019/110010,09/11/2019 13:01:21,117000,8775.0000,12578.000000,0.0000,2019-09-11,033,[PLB]ST PALEMBANG,8
03392019/110011,03392019/110011,09/11/2019 13:04:00,103000,7725.0000,11073.000000,0.0000,2019-09-11,033,[PLB]ST PALEMBANG,8
03392019/110012,03392019/110012,09/11/2019 13:05:46,308000,23100.0000,33110.000000,0.0000,2019-09-11,033,[PLB]ST PALEMBANG,8
03392019/110013,03392019/110013,09/11/2019 13:10:25,425000,31875.0000,45688.000000,0.0000,2019-09-11,033,[PLB]ST PALEMBANG,8
03392019/110014,03392019/110014,09/11/2019 13:16:31,678000,50850.0000,72885.000000,0.0000,2019-09-11,033,[PLB]ST PALEMBANG,8
03392019/110015,03392019/110015,09/11/2019 13:17:59,203000,15225.0000,21823.000000,0.0000,2019-09-11,033,[PLB]ST PALEMBANG,8
03392019/110016,03392019/110016,09/11/2019 13:20:04,202000,15150.0000,21715.000000,0.0000,2019-09-11,033,[PLB]ST PALEMBANG,8
03392019/110017,03392019/110017,09/11/2019 13:32:42,147000,11025.0000,15803.000000,0.0000,2019-09-11,033,[PLB]ST PALEMBANG,8
03392019/110018,03392019/110018,09/11/2019 13:35:01,583000,43725.0000,62673.000000,0.0000,2019-09-11,033,[PLB]ST PALEMBANG,8
03392019/110019,03392019/110019,09/11/2019 13:35:53,466000,34950.0000,50095.000000,0.0000,2019-09-11,033,[PLB]ST PALEMBANG,8
03392019/110020,03392019/110020,09/11/2019 13:38:54,335000,25125.0000,36013.000000,0.0000,2019-09-11,033,[PLB]ST PALEMBANG,8
03392019/110021,03392019/110021,09/11/2019 13:39:53,216000,16200.0000,23220.000000,0.0000,2019-09-11,033,[PLB]ST PALEMBANG,8
03392019/110022,03392019/110022,09/11/2019 13:41:19,209000,15675.0000,22468.000000,0.0000,2019-09-11,033,[PLB]ST PALEMBANG,8
03392019/110023,03392019/110023,09/11/2019 13:49:03,436000,32700.0000,46870.000000,0.0000,2019-09-11,033,[PLB]ST PALEMBANG,8
03392019/110024,03392019/110024,09/11/2019 13:51:34,387000,29025.0000,41603.000000,0.0000,2019-09-11,033,[PLB]ST PALEMBANG,8
03392019/110025,03392019/110025,09/11/2019 13:53:44,164000,12300.0000,17630.000000,0.0000,2019-09-11,033,[PLB]ST PALEMBANG,8
03392019/110026,03392019/110026,09/11/2019 13:56:00,173000,12975.0000,18598.000000,0.0000,2019-09-11,033,[PLB]ST PALEMBANG,8
03392019/110027,03392019/110027,09/11/2019 13:59:39,3000,225.0000,323.000000,0.0000,2019-09-11,033,[PLB]ST PALEMBANG,8
03392019/110028,03392019/110028,09/11/2019 14:00:47,177000,13275.0000,19028.000000,0.0000,2019-09-11,033,[PLB]ST PALEMBANG,8
03392019/110029,03392019/110029,09/11/2019 14:03:47,89000,6675.0000,9568.000000,0.0000,2019-09-11,033,[PLB]ST PALEMBANG,8
03392019/110030,03392019/110030,09/11/2019 14:13:51,1688000,126600.0000,181460.000000,0.0000,2019-09-11,033,[PLB]ST PALEMBANG,8
03392019/110031,03392019/110031,09/11/2019 14:48:59,158000,11850.0000,16985.000000,0.0000,2019-09-11,033,[PLB]ST PALEMBANG,8
03392019/110032,03392019/110032,09/11/2019 15:16:20,116000,8700.0000,12470.000000,0.0000,2019-09-11,033,[PLB]ST PALEMBANG,8
03392019/110033,03392019/110033,09/11/2019 15:19:26,153000,11475.0000,16448.000000,0.0000,2019-09-11,033,[PLB]ST PALEMBANG,8
03392019/110034,03392019/110034,09/11/2019 15:50:24,114000,8550.0000,12255.000000,0.0000,2019-09-11,033,[PLB]ST PALEMBANG,8
03392019/110035,03392019/110035,09/11/2019 16:02:17,610000,45750.0000,65575.000000,0.0000,2019-09-11,033,[PLB]ST PALEMBANG,8
03392019/110036,03392019/110036,09/11/2019 16:08:20,47000,3525.0000,5053.000000,0.0000,2019-09-11,033,[PLB]ST PALEMBANG,8
03392019/110037,03392019/110037,09/11/2019 16:16:18,315000,23625.0000,33863.000000,0.0000,2019-09-11,033,[PLB]ST PALEMBANG,8
03392019/110038,03392019/110038,09/11/2019 16:21:10,279000,20925.0000,29993.000000,0.0000,2019-09-11,033,[PLB]ST PALEMBANG,8
03392019/110039,03392019/110039,09/11/2019 16:33:48,718000,53850.0000,77185.000000,0.0000,2019-09-11,033,[PLB]ST PALEMBANG,8
03392019/110040,03392019/110040,09/11/2019 16:45:35,111000,8325.0000,11933.000000,0.0000,2019-09-11,033,[PLB]ST PALEMBANG,8
03392019/110041,03392019/110041,09/11/2019 17:28:23,234000,17550.0000,25155.000000,0.0000,2019-09-11,033,[PLB]ST PALEMBANG,8
03392019/110042,03392019/110042,09/11/2019 18:07:08,69000,5175.0000,7418.000000,0.0000,2019-09-11,033,[PLB]ST PALEMBANG,8
03392019/110043,03392019/110043,09/11/2019 18:18:40,444000,33300.0000,47730.000000,0.0000,2019-09-11,033,[PLB]ST PALEMBANG,8
03392019/110044,03392019/110044,09/11/2019 18:43:23,306000,22950.0000,32895.000000,0.0000,2019-09-11,033,[PLB]ST PALEMBANG,8
03392019/110045,03392019/110045,09/11/2019 18:47:40,207000,15525.0000,22253.000000,0.0000,2019-09-11,033,[PLB]ST PALEMBANG,8
03392019/110046,03392019/110046,09/11/2019 18:52:13,69000,5175.0000,7418.000000,0.0000,2019-09-11,033,[PLB]ST PALEMBANG,8
03392019/110047,03392019/110047,09/11/2019 18:54:54,93000,6975.0000,9998.000000,0.0000,2019-09-11,033,[PLB]ST PALEMBANG,8
03392019/110048,03392019/110048,09/11/2019 19:01:33,636000,47700.0000,68370.000000,0.0000,2019-09-11,033,[PLB]ST PALEMBANG,8
03392019/110049,03392019/110049,09/11/2019 19:09:08,318000,23850.0000,34185.000000,0.0000,2019-09-11,033,[PLB]ST PALEMBANG,8
03392019/110050,03392019/110050,09/11/2019 19:18:54,141000,10575.0000,15158.000000,0.0000,2019-09-11,033,[PLB]ST PALEMBANG,8
03392019/110051,03392019/110051,09/11/2019 19:27:26,266000,19950.0000,28595.000000,0.0000,2019-09-11,033,[PLB]ST PALEMBANG,8
03392019/110052,03392019/110052,09/11/2019 19:29:19,151000,11325.0000,16233.000000,0.0000,2019-09-11,033,[PLB]ST PALEMBANG,8
03392019/110053,03392019/110053,09/11/2019 19:36:09,235000,17625.0000,25263.000000,0.0000,2019-09-11,033,[PLB]ST PALEMBANG,8
03392019/110054,03392019/110054,09/11/2019 19:44:40,970000,72750.0000,104275.000000,0.0000,2019-09-11,033,[PLB]ST PALEMBANG,8
03392019/110055,03392019/110055,09/11/2019 19:52:03,56000,4200.0000,6020.000000,0.0000,2019-09-11,033,[PLB]ST PALEMBANG,8
03392019/110056,03392019/110056,09/11/2019 19:56:45,418000,31350.0000,44935.000000,0.0000,2019-09-11,033,[PLB]ST PALEMBANG,8
03392019/110057,03392019/110057,09/11/2019 19:59:34,3000,225.0000,323.000000,0.0000,2019-09-11,033,[PLB]ST PALEMBANG,8
03392019/110058,03392019/110058,09/11/2019 20:00:24,224000,16800.0000,24080.000000,0.0000,2019-09-11,033,[PLB]ST PALEMBANG,8
03392019/110059,03392019/110059,09/11/2019 20:06:13,105000,7875.0000,11288.000000,0.0000,2019-09-11,033,[PLB]ST PALEMBANG,8
03392019/110060,03392019/110060,09/11/2019 20:09:17,183000,13725.0000,19673.000000,0.0000,2019-09-11,033,[PLB]ST PALEMBANG,8
03392019/110061,03392019/110061,09/11/2019 20:10:12,186000,13950.0000,19995.000000,0.0000,2019-09-11,033,[PLB]ST PALEMBANG,8
03392019/110062,03392019/110062,09/11/2019 20:17:23,351000,26325.0000,37733.000000,0.0000,2019-09-11,033,[PLB]ST PALEMBANG,8
03392019/110063,03392019/110063,09/11/2019 20:22:08,47000,3525.0000,5053.000000,0.0000,2019-09-11,033,[PLB]ST PALEMBANG,8
03392019/110064,03392019/110064,09/11/2019 20:24:46,272000,20400.0000,29240.000000,0.0000,2019-09-11,033,[PLB]ST PALEMBANG,8
03392019/110065,03392019/110065,09/11/2019 20:27:34,259000,19425.0000,27843.000000,0.0000,2019-09-11,033,[PLB]ST PALEMBANG,8
03392019/110066,03392019/110066,09/11/2019 20:30:41,80000,6000.0000,8600.000000,0.0000,2019-09-11,033,[PLB]ST PALEMBANG,8
03392019/110067,03392019/110067,09/11/2019 20:31:30,190000,14250.0000,20425.000000,0.0000,2019-09-11,033,[PLB]ST PALEMBANG,8
03392019/110068,03392019/110068,09/11/2019 20:32:13,160000,12000.0000,17200.000000,0.0000,2019-09-11,033,[PLB]ST PALEMBANG,8
03392019/110069,03392019/110069,09/11/2019 20:34:36,441000,33075.0000,47408.000000,0.0000,2019-09-11,033,[PLB]ST PALEMBANG,8
03392019/110070,03392019/110070,09/11/2019 20:39:10,198000,14850.0000,21285.000000,0.0000,2019-09-11,033,[PLB]ST PALEMBANG,8
03392019/110071,03392019/110071,09/11/2019 20:42:05,263000,19725.0000,28273.000000,0.0000,2019-09-11,033,[PLB]ST PALEMBANG,8
03392019/110072,03392019/110072,09/11/2019 20:44:09,311000,23325.0000,33433.000000,0.0000,2019-09-11,033,[PLB]ST PALEMBANG,8
03392019/110073,03392019/110073,09/11/2019 20:47:13,211000,15825.0000,22683.000000,0.0000,2019-09-11,033,[PLB]ST PALEMBANG,8
03392019/110074,03392019/110074,09/11/2019 20:49:59,1463000,109725.0000,157273.000000,0.0000,2019-09-11,033,[PLB]ST PALEMBANG,8
03392019/110075,03392019/110075,09/11/2019 20:53:37,1086000,81450.0000,116745.000000,0.0000,2019-09-11,033,[PLB]ST PALEMBANG,8
03392019/110076,03392019/110076,09/11/2019 20:59:52,264000,19800.0000,28380.000000,0.0000,2019-09-11,033,[PLB]ST PALEMBANG,8
03392019/110077,03392019/110077,09/11/2019 21:09:07,608000,45600.0000,65360.000000,0.0000,2019-09-11,033,[PLB]ST PALEMBANG,8
03392019/110078,03392019/110078,09/11/2019 21:16:09,293000,21975.0000,31498.000000,0.0000,2019-09-11,033,[PLB]ST PALEMBANG,8
03392019/110079,03392019/110079,09/11/2019 21:26:02,15000,1125.0000,1613.000000,0.0000,2019-09-11,033,[PLB]ST PALEMBANG,8
03392019/110080,03392019/110080,09/11/2019 21:36:30,588000,44100.0000,63210.000000,0.0000,2019-09-11,033,[PLB]ST PALEMBANG,8
03392019/110081,03392019/110081,09/11/2019 21:41:13,114000,8550.0000,12255.000000,0.0000,2019-09-11,033,[PLB]ST PALEMBANG,8
03392019/110082,03392019/110082,09/11/2019 21:43:38,165000,12375.0000,17738.000000,0.0000,2019-09-11,033,[PLB]ST PALEMBANG,8
03392019/110083,03392019/110083,09/11/2019 21:44:15,172000,12900.0000,18490.000000,0.0000,2019-09-11,033,[PLB]ST PALEMBANG,8
03392019/110084,03392019/110084,09/11/2019 22:00:41,491000,36825.0000,52783.000000,0.0000,2019-09-11,033,[PLB]ST PALEMBANG,8
